,name,title,title2,title3,education
0,Rachid Aadnani,Senior Lecturer in Middle Eastern Studies,,,"B.A., Universite Moulay Ismail (Morocco); M.A., Dartmouth College; Ph.D., Binghamton University"
1,Ama Baafra Abeberese,Assistant Professor of Economics,,,"B.A., Wellesley College; M.A., M.Phil., Ph.D., Columbia University"
2,Kris Adams,Senior Music Performance Faculty in Vocal Jazz,,,"B.M., Berklee College of Music; M.M., New England Conservatory of Music"
3,Katherine Adams,"Instructor in Physical Education, Recreation and Athletics",,,"B.S., Nazareth College; MS., University of Massachusetts (Boston)"
4,Marjorie Agosin,Professor of Spanish,,,"B.A., University of Georgia; M.A., Ph.D., Indiana University"
5,Eliko Akahori,Senior Music Performance Faculty in Piano,"Director, Music Performance Program",,"B.M., Kunitachi College of Music (Japan); M.M., D.M.A., New England Conservatory of Music"
6,Robin M. Akert,Professor of Psychology,,,"B.A., University of California (Santa Cruz); M.A., Ph.D., Princeton University"
7,Fred Aldrich,Music Performance Faculty in French Horn,,,"B.M., New England Conservatory of Music"
8,Emily Altier,"Instructor in Physical Education, Recreation and Athletics",,,"B.A., Niagara University"
9,Scott D. Anderson,Lecturer in Computer Science,,,"B.S., Yale University; M.S., Ph.D., University of Massachusetts (Amherst)"
10,Margaret Angelini,Carillon Director,,,"B.A., Wellesley College; M.M., New England Conservatory"
11,Andrew Arceci,"Director, Collegium Musicum",,,"B.M., John Hopkins University; M.M., The Juilliard School; M.S.T., University of Oxford"
12,Diego Arciniegas,Senior Lecturer in Theatre Studies,,,"B.A., Williams College"
13,Justin Armstrong,Lecturer in Writing and Anthropology,,,"B.A., Wilfred Laurier University (Waterloo, ON); M.A., Ph.D., McMaster University (Hamilton, ON)"
14,Chris R. Arumainayagam,Professor of Chemistry,,,"A.B., Harvard University; Ph.D., Stanford University"
15,Masako Atake,Visiting Lecturer in Japanese,,,"B.A., Tottori University; M.A., The University of Leeds; M.A., University of Wisconsin"
16,Angela Bahns,Assistant Professor of Psychology,,,"B.A., Pomona College; M.A., Ph.D., University of Kansas"
17,Lamia Balafrej,Assistant Professor of Art,,,"M.A., University of Paris; Ph.D., Universite de Provence"
18,Amy Banzaert,Lecturer in Engineering,Director of Engineering Studies,,"B.S., M.S., Ph.D,  Massachusetts Institute of Technology"
19,Daniela Bartalesi-Graf,Lecturer in Italian Studies,,,"B.A., Harvard University Extension School; M.A., Tufts University"
20,Maria del Mar Bassa Vanrell,Visiting Lecturer in Cognitive and Linguistic Sciences Program,,,"B.A., University of the Balearic Islands, Spain; M.A., Ph.D., University of Texas at Austin"
21,Christine Bassem,Lecturer in Computer Science,,,"B.S., Ain Shams University; M.S., German University in Cairo; Ph.D., Boston University"
22,Erin Royston Battat,Visiting Lecturer in the Writing Program,,,"B.A., Georgetown University; A.M., Ph.D., Harvard University"
23,James Battat,Assistant Professor of Physics,,,"Sc.B., Brown University; A.M., Ph.D., Harvard University"
24,Deborah E. Bauer,Lecturer in Neuroscience,,,"B.A., Wellesley College; Ph.D., University of Michigan"
25,Connie Lynn Bauman,PERA Professor of the Practice,,,"B.S., Illinois State University; M.S., Arizona State University; Certificate, Indiana State University"
26,Barbara R. Beatty,Professor of Education,,,"A.B., Radcliffe College; Ed.M., Ed.D., Harvard University"
27,Rebecca Bedell,Associate Professor of Art,,,"B.A., Wellesley College; M.A., Ph.D., Yale University"
28,Melissa A. Beers,Senior Instructor in Biological Sciences Laboratory,,,"B.S., University of New Hampshire; Ph.D., Cornell University"
29,Bridget Belgiovine,PERA Professor of the Practice,Director of Athletics,"Chair of Department of Physical Education, Recreation and Athletics","B.S., Trenton State College; M.Ed., Springfield College"
30,Barbara S. Beltz,Allene Lummis Russell Professor of Neuroscience,,,"B.A., Mount Holyoke College; M.S., Ph.D., Princeton University"
31,Robert S. Berg,Professor of Physics,,,"A.B., Princeton University; M.A., Ph.D., University of California (Berkeley)"
32,Patricia Gray Berman,Theodora L. and Stanley H. Feldberg Professor of Art,,,"B.A., Hampshire College; M.A., Ph.D., New York University"
33,Ashley  Bernstein,"Instructor in Physical Education, Recreation and Athletics",,,"B.S., Southern New Hampshire University"
34,James R. Besancon,Associate Professor of Geosciences,,,"B.S., Yale University; Ph.D., Massachusetts Institute of Technology"
35,Gurminder Kaur BhogalA,Associate Professor of Music,,,"B.Mus(Hons), Royal College of Music; M.Mus., King’s College, University of London; Ph.D., University of Chicago"
36,Frank L. Bidart,Andrew W. Mellon Professor in the Humanities,Professor of English,,"B.A., University of California (Riverside); A.M., Harvard University"
37,Héléne Bilis,Associate Professor of French,,,"B.A., Rutgers University; M.A., Ph.D., University of California (Berkeley)"
38,Laura Bossert-KingA,Senior Music Performance Faculty in Viola and Violin,,,"B.M.,  M.M., Eastman School of Music"
39,Marc Boutin,"Instructor in Physical Education, Recreation and Athletics",,,"B.A., Brandeis University"
40,Kathleen Boyd,Senior Music Performance Faculty in Flute,,,"B.M., M.M., New England Conservatory of Music"
41,Daniel J. Brabander,Frost Professor in Environmental Science,Professor of Geosciences,,"B.S., M.A., Binghamton University; Ph.D., Brown University"
42,Martin Alan Brody,Catherine Mills Davis Professor of Music,,,"B.A., Amherst College; M.M., D.M.A., Yale University School of Music"
43,Kathleen Brogan,Associate Professor of English,,,"B.A., Queens College; M.A., M.Phil., Ph.D., Yale University"
44,Anne Brubaker,Lecturer in the Writing Program,,,"B.A., Dickinson College; M.A., University of Sussex (Brighton, England); Ph.D., University of Illinois (Urbana-Champaign)"
45,Heather Corbally Bryant,Visiting Lecturer in the Writing Program,,,"A.B., Harvard College; M.A., Ph.D., University of Michigan"
46,Charles Bu,"William R. Kenan, Jr. Professor of Mathematics",,,"B.S., M.S., Shanghai Jiao Tong University; M.S., Michigan State University; Ph.D., University of Illinois"
47,Emily A. Buchholtz,Gordon P. Lang and Althea P. Lang ‘26 Professor of Biological Sciences,,,"B.A., College of Wooster; M.A., University of Wisconsin; Ph.D., George Washington University"
48,Tom Burke,Professor of Political Science,,,"B.A., University of Minnesota (Minneapolis); M.A., Ph.D., University of California (Berkeley)"
49,Bryan E. Burns,Associate Professor of Classical Studies,,,"B.A., University of North Carolina; M.A., Ph.D., University of Michigan"
50,Kristin Butcher,Marshall I. Goldman Professor of Economics,,,"B.A., Wellesley College; M.S., London School of Economics; M.A., Ph.D., Princeton University"
51,William E. Cain,Mary Jewett Gaiser Professor of English,,,"B.A., Tufts University; M.A., Ph.D., Johns Hopkins University"
52,Samantha Cameron,"Instructor in Physical Education, Recreation and Athletics",,,"B.A., San Jose State University; M.A., University of California (Los Angeles)"
53,John S. Cameron,Professor of Biological Sciences,,,"B.S., College of William and Mary; M.S., Ph.D., University of Massachusetts (Amherst)"
54,Christopher Candland,Associate Professor of Political Science,,,"B.A., Haverford College; M.A., M.Phil., Ph.D., Columbia University"
55,George M. Caplan,Senior Instructor in Physics Laboratory,,,"B.A., Swarthmore College; S.M., Harvard University"
56,Linda Carli,Senior Lecturer in Psychology,,,"B.A., University of Connecticut; Ph.D., University of Massachusetts (Amherst)"
57,Michelle  Carmell,Visiting Lecturer in Biological Sciences,,,"B.A., Dartmouth College; Ph.D., Stony Brook University"
58,Angela C. Carpenter,Associate Professor of Cognitive and Linguistic Sciences,,,"B.A., Wellesley College; M.A., Ph.D., University of Massachusetts (Amherst)"
59,Dora Carrico-Moniz,Associate Professor of Chemistry,,,"B.S., SUNY (Purchase College); M.S., Ph.D., Yale University"
60,Margaret Deutsch Carroll,Professor of Art,,,"B.A., Barnard College; A.M., Ph.D., Harvard University"
61,Kimberly Cassibry,Assistant Professor of Art,,,"B.A., Louisiana State University (Baton Rouge); M.A., University of Texas (Austin); Ph.D., University of California (Berkeley)"
62,Margaret Cezair-Thompson,Senior Lecturer in English,,,"B.A., Barnard College; M.A., New York University; Ph.D., City University of New York"
63,Gil Chalamish,Visiting Lecturer in Jewish Studies,,,"B.E.D., Beit Berl College; M.A., Boston College"
64,Clara S. Chan,Visiting Lecturer in Mathematics,,,"A.B., Harvard University; M.A., University of Chicago; Ph.D., Massachusetts Institute of Technology"
65,Stanley S. Chang,Mildred Lane Kemper Professor of Mathematics,,,"B.A., University of California (Berkeley); M.A., Cambridge University (England); Ph.D., University of Chicago"
66,Robert A. Charlton,"Instructor in Physical Education, Recreation and Athletics",,,"B.A., Boston University"
67,Jonathan M. CheekA,Professor of Psychology,,,"B.A., George Washington University; M.A., University of Texas (Austin); Ph.D., Johns Hopkins University"
68,Dai Chen,Senior Lecturer in Chinese,,,"B.A., Shanghai Teachers’University; M.A., University of Iowa"
69,Stephen  ChenA,Assistant Professor of Psychology,,,"B.A., Rutgers University; Ph.D., University of California (Berkeley)"
70,Dan ChiassonA,Professor of English,,,"B.A., Amherst College; Ph.D., Harvard University"
71,Calvin T. Chin,"Instructor in Physical Education, Recreation and Athletics",,,
72,Jennifer Chudy,Assistant Professor of Political Science,,,"A.B., Brown University; M.A., Ph.D., University of Michigan"
73,Jason  Cieply,Visiting Lecturer in Russian,,,"B.A., Kenyon College; M.A., Ph.D., Stanford University"
74,Courtney C. Coile,Professor of Economics,"Director, Knapp Social Science Center",,"A.B., Harvard College; Ph.D., Massachusetts Institute of Technology"
75,David Collins,Coach/Accompanist,,,"B.M., Western Michigan University (Kalamazoo); M.M., University of Wisconsin (Madison); Ph.D., New England Conservatory of Music"
76,Glorianne Collver-Jacobson,Senior Music Performance Faculty in Guitar and Lute,,,"B.A., University of California (Berkeley)"
77,Cecilia Confortini,Associate Professor of Peace and Justice Studies,,,"B.S., Università  degli Studi di Firenze; M.A., University of Notre Dame; Ph.D., University of Southern California"
78,Elena Tajima Creef,Professor of Women’s and Gender Studies,,,"B.A., University of California (Riverside); M.A., University of California (Santa Barbara); Ph.D., University of California (Santa Cruz)"
79,Lee CubaA2,Professor of Sociology,,,"B.S., Southern Methodist University; M.A., M.Phil., Ph.D., Yale University"
80,Selwyn R. Cudjoe,Professor of Africana Studies,,,"B.A., M.A., Fordham University; Ph.D., Cornell University"
81,Thomas Orton Cushman,Deffenbaugh de Hoyos Carlson Professor in the Social Sciences,Professor of Sociology,,"B.A., Saint Michael’s College; M.A., Ph.D., University of Virginia"
82,Veronica Darer,Senior Lecturer in Spanish,,,"M.A.T. School for International Training/World Learning; Ph.D., University of Florida"
83,Louise Darling,Knafel Assistant Professor of Natural Sciences,Assistant Professor of Biological Sciences,,"B.S., Johns Hopkins University; Ph.D., Rice University"
84,Venita DattaA2,Professor of French,,,"A.B., Bryn Mawr College; M.A., Ph.D., New York University"
85,Ophera A. Davis,Lecturer in Africana Studies,,,"B.S., M.S., Jackson State University; Ph.D., Saint Louis University"
86,Helena de Bres     ,Associate Professor of Philosophy,,,"B.A., Victoria University; M.A., Ph.D., Massachusetts Institute of Technology"
87,Ashley DeFlumere,Lecturer in Computer Science,,,"B.A., Mount Holyoke College; Ph.D., University of College Dublin"
88,Elizabeth R. DeSombre,Camilla Chandler Frost Professor of Environmental Studies,,,"B.A., Oberlin College; Ph.D., Harvard University"
89,Richard Delacy,Visiting Lecturer in South Asia Studies,,,"B.A., University of Melbourne (Australia); M.A., Monash University (Australia); M.A., Ph.D., University of Chicago"
90,Catherine R. Delcourt,Assistant Professor of Computer Science,,,"B.A., Wellesley College; M.S., Ph.D., Georgia Institute of Technology"
91,Christen Deveney,Assistant Professor of Psychology,,,"B.A., M.A., Ph.D., Harvard University"
92,Virginia Gabriela Diaz,Music Performance Faculty in Violin,,,"B.M., M.M., New England Conservatory of Music"
93,Alexander J. Diesl,Theresa Mall Mullarkey Associate Professor of Mathematics,,,"B.A., M.A., Johns Hopkins University; Ph.D., University of California (Berkeley)"
94,Bonnie M. Dix,PERA Associate Professor of the Practice,,,"B.S., University of Vermont; M.S., University of Tennessee (Knoxville)"
95,Nicholas K. Doe,Senior Instructor in Chemistry Laboratory,,,"B.A., M.S., University of California (Santa Cruz); M.A., Stanford University"
96,Jocelyne L. Dolce,Senior Instructor in Biological Sciences Laboratory,,,"B.Sc., M.Sc., University of Rhode Island"
97,Carlos G. Dorrien,Professor of Art,,,"Montserrat School of Visual Art, Diploma in Sculpture"
98,Carol Dougherty,Margaret E. Deffenbaugh and LeRoy T. Carlson Professor in Comparative Literature,Professor of Classical Studies,,"B.A., Stanford University; M.A., University of California (Santa Barbara); M.A., Ph.D., Princeton University"
99,Theodore W. Ducas,Professor of Physics,,,"B.A., Yale University; Ph.D., Massachusetts Institute of Technology"
100,Thomas Duprey,Music Instructor in Jazz and Classical Trumpet,,,"B.M., Crane School of Music; M.M., New England Conservatory"
101,Geraldine O. Echebiri,Instructor in Chemistry Laboratory,,,"B.S., Goucher College; Ph.D., University of Maryland (College Park)"
102,Graham C. Edmondson,Visiting Lecturer in Theatre Studies,,,"B.A., Boston University"
103,Kathryn Egizi,"Instructor in Physical Education, Recreation and Athletics",,,"B.S., Union College"
104,Sylvaine V. Egron-Sparrow,Senior Lecturer in French,,,"Licence de Lettres Modernes, Université de Haute Bretagne; Maîtrise de Français et de Linguistique, Université de Vincennes"
105,Sharon K. Elkins,Professor of Religion,,,"B.A., Stetson University; M.T.S., Harvard Divinity School; Ph.D., Harvard University"
106,David Ellerby,Associate Professor of Biological Sciences,,,"B.S., University of Manchester, UK; Ph.D., University of Leeds, UK"
107,Susan H. Ellison,Assistant Professor of Anthropology,,,"B.A, Washington University; M.T.S., Harvard Divinity School; A.M., Ph.D., Brown University"
108,Donald E. Elmore,Professor of Chemistry,,,"B.A., Grinnell College; Ph.D., California Institute of Technology"
109,Alla L. Epsteyn,Senior Lecturer in Russian,,,"M.A., Moscow University; Ph.D., Academy of Sciences Institute of World History (Russia)"
110,Roxanne Euben,Ralph Emerson and Alice Freeman Palmer Professor of Political Science,,,"B.A., Wesleyan University; M.A., Ph.D., Princeton University"
111,Rosemary G. Feal,Mary L. Cornille Distinguished Visiting Professor in the Humanities,,,"B.A., Allegheny College; M.A., Ph.D., University at Buffalo, SUNY"
112,Oscar E. Fernandez,Associate Professor of Mathematics,,,"B.A., B.S., University of Chicago; Ph.D., University of Michigan (Ann Arbor)"
113,Daniel Fetter,Assistant Professor of Economics,,,"B.A., Wesleyan University; M.Sc., London School of Economics and Political Science; Ph.D., Harvard University"
114,Paul Fisher,Associate Professor of American Studies,,,"A.B., Harvard College; B.A., M.A., Trinity College (Cambridge); M.A., M.Phil., Ph.D., Yale University"
115,Nolan T. Flynn,Associate Professor of Chemistry,,,"B.A., St. Olaf College; Ph.D., University of Illinois"
116,Claire Fontijn,Phyllis Henderson Carey Professor of Music,,,"B.A., Oberlin College; Certificate, The Royal Conservatory of The Hague; M.A., Ph.D., Duke University"
117,Cibele Freire,Norma Wilentz Hess Fellow in Computer Science,,,"B.S., Federal University of Ceara; M.Sc., Ph.D., University of Massachusetts (Amherst)"
118,Richard G. French,Louise Sherwood McDowell and Sarah Frances Whiting Professor of Astrophysics,Professor of Astronomy,,"B.A., M.S., Ph.D., Cornell University"
119,Alice T. FriedmanA2,Grace Slack McNeil Professor of American Art,Professor of Art,,"A.B., Radcliffe College; M.Phil., University of London; Ph.D., Harvard University"
120,Gale Fuller,Senior Music Performance Faculty in Voice,,,"B.M., Peabody Conservatory of Music; M.M., New England Conservatory of Music"
121,Jerome Fung,Lecturer in Physics,,,"B.A., Swarthmore College; A.M., Ph.D., Harvard University"
122,Charlene Galarneau,Associate Professor of Women’s and Gender Studies,,,"B.A., University of Massachusetts; M.A.R., Iliff School of Theology; A.M., Ph.D., Harvard University"
123,Marie-Cécile Ganne-Schiermeier,Lecturer in French,,,"M.A., Ph.D., Boston University"
124,Corinne A. Gartner,Assistant Professor of Philosophy,,,"B.A., M.A., Stanford University; Ph.D., Princeton University"
125,Barbara Geller,Professor of Religion,,,"A.B., Princeton University; M.A., Ph.D., Duke University"
126,C. Pat Giersch,Professor of History,,,"B.A., Dartmouth College; Ph.D., Yale University"
127,Beth Gifford,"Instructor in Physical Education, Recreation and Athletics",,,"B.S., Northeastern University"
128,Kathleen W. Gilbert,Instructor in Geosciences Laboratory,,,"B.A., Smith College; M.S., University of Miami"
129,Catherine Keane Gilhuly,Professor of Classical Studies,,,"B.A., Wesleyan University; M.A., Ph.D., University of California (Berkeley)"
130,Leigh Gilmore,Distinguished Visiting Professor of Women's and Gender Studies,,,"B.A., University of Washington; M.A., University of Washington; Ph.D., University of Washington"
131,Tracy R. GleasonA,Professor of Psychology,,,"A.B., Dartmouth College; Ph.D., University of Minnesota"
132,Sharon M. H. Gobes,Assistant Professor of Neuroscience,,,"B.Sc., M.Sc., Leiden University; Ph.D., Utrecht (The Netherlands)"
133,Stacie Goddard,Jane Bishop '51 Associate Professor of Political Science,,,"A.B., University of Chicago; M.A., M.Phil., Ph.D., Columbia University"
134,Kariann E. Goldschmitt,Assistant Professor of Music,,,"B.A., University of California (Los Angeles); M.A., University of California (San Diego); Ph.D., University of California (Los Angeles)"
135,Octavio R. GonazalezA,Assistant Professor of English,,,"B.A., Swarthmore College; M.A., Pennsylvania State University; M.A., Ph.D., Rutgers University"
136,Robert GoreeA,Assistant Professor of Japanese,,,"B.A., Westmont College; M.A., Columbia University; M.A., M.Phil., Ph.D., Yale University"
137,John GossA,Assistant Professor of Biological Sciences,,,"B.S., Rhodes College; M.Phil., Ph.D., Yale University"
138,Lisa Graham,Evelyn Barry Director of the Choral Program,Lecturer in Music,,"B.A., Sonoma State College; M.M., D.M.A., University of Southern California"
139,CoriEllen Grande,"Instructor in Physical Education, Recreation and Athletics",,,
140,Katherine GrandjeanA2,Associate Professor of History,,,"B.A., Yale University; Ph.D., Harvard University"
141,Laura Grattan,Associate Professor of Political Science,,,"B.A., College of William and Mary; M.A., Ph.D., Duke University"
142,Jesse Aron Green,Visiting Lecturer in Art,,,"B.A., Harvard College; M.F.A., University of California (Los Angeles)"
143,Nikki A. Greene,Assistant Professor of Art,,,"B.A., Wesleyan University; M.A., Ph.D., University of Delaware"
144,Brenna W. Greer,Knafel Assistant Professor of Social Sciences,Assistant Professor of History,,"B.A., Beloit College; M.A., Ph.D., University of Wisconsin (Madison)"
145,Alden Griffith,Assistant Professor of Environmental Studies,,,"B.A., Wesleyan University; Ph.D., University of California (Santa Cruz)"
146,Simon Grote,Wellesley Faculty Assistant Professor of History,,,"A.B., Harvard University; M.Phil., Cambridge University; M.A., Ph.D., University of California (Berkeley)"
147,Scott E. Gunther,Associate Professor of French,,,"B.A., Cornell University; D.E.A., Ecole Normale Superieure & Ecole des Hautes Etudes en Sciences Sociales; J.D., Ph.D., New York University"
148,Evelina Guzauskyte,Associate Professor of Spanish,,,"B.A., Middlebury College; M.A., M.Phil., Ph.D., Columbia University"
149,Koichi Hagimoto,Associate Professor of Spanish,,,"B.A., Soka University of America; M.A., Ph.D., University of Pittsburgh"
150,Nadya S. Hajj,Assistant Professor of Political Science,,,"B.A., University of Virginia; M.A., Ph.D., Emory University"
151,Nancy Abraham Hall,Senior Lecturer in Spanish,,,"B.A., Smith College; M.A., Ph.D., Harvard University"
152,Mona Lambracht Hall,Senior Instructor in Chemistry Laboratory,,,"B.A., Russell Sage College; Ph.D., Tufts University"
153,Katherine L. Hall,Visiting Lecturer in Physics,,,"B.A., Wellesley College; M.S., Ph.D., Massachusetts Institute of Technology"
154,Neal Louis Hampton,"Conductor, Brandeis-Wellesley Orchestra",,,"B.M., Eastman School of Music; M.M., Boston University"
155,Anjeana K. Hans,Associate Professor of German,,,"A.B., M.A., Ph.D., Harvard University"
156,Marianne Harkless,"Instructor in Physical Education, Recreation and Athletics",,,
157,Jane Harrison,Music Performance Faculty in Oboe,,,"B.M., Ohio Wesleyan University; M.M., Manhattan School of Music"
158,Kenneth S. Hawes,Senior Lecturer in Education,,,"B.S., Massachusetts Institute of Technology; Ed.M., Ed.D., Harvard University"
159,David P. HawkinsA1,Associate Professor of Geosciences,,,"B.A., Clark University; M.A., George Washington University; Ph.D., Massachusetts Institute of Technology"
160,Gretchen Hayden-Ruckert,"Instructor in Physical Education, Recreation and Athletics",,,
161,Michael J. Hearn,Professor of Chemistry,,,"B.A., Rutgers University; M.S., M.Phil., Ph.D., Yale University"
162,Beth Ann Hennessey,Professor of Psychology,,,"A.B., Brown University; M.Ed., Lesley College; Ph.D., Brandeis University"
163,Mark S. Henry,Senior Music Performance Faculty in Double Bass,,,"B.M., Berklee College of Music; M.M., University of Massachusetts (Lowell)"
164,Jean Herbst,Instructor in Computer Science Laboratory,,,"B.S., University of Wisconsin (Madison); M.S., University of Rhode Island"
165,Rosanna Hertz,Class of 1919 - 50th Reunion Professor of Sociology and Women’s and Gender Studies,,,"B.A., Brandeis University; M.A., Ph.D., Northwestern University"
166,Emily B. Hewitt,"Instructor in Physical Education, Recreation and Athletics",,,"B.A., Wellesley College"
167,Alison Hickey,Associate Professor of English,,,"A.B., Harvard and Radcliffe Colleges; M.A., M.Phil., Ph.D., Yale University"
168,Monica R. Higgins,Lecturer in Environmental Studies,,,"B.S., University of Pittsburgh; M.S., Ph.D., University of Michigan"
169,Ellen C. Hildreth,Professor of Computer Science,,,"B.S., M.S., Ph.D., Massachusetts Institute of Technology"
170,Eric Hilt,Professor of Economics,,,"A.B., Occidental College; M.Phil., Ph.D., Columbia University"
171,Philip Steven Hirschhorn,Professor of Mathematics,,,"B.S., Brooklyn College of City University of New York; Ph.D., Massachusetts Institute of Technology"
172,Thomas Peter HodgeA,Professor of Russian,,,"B.A., Pomona College; M.A., Oxford University; A.M., Ph.D., Stanford University"
173,Randall Hodgkinson,Music Performance Faculty in Piano,,,"B.M., M.M., New England Conservatory of Music"
174,Russell A. Hoffmann,Music Instructor in Jazz Piano,,,"B.M., University of Texas; M.Ed., Cambridge College"
175,Lauren Holmes,Newhouse Visiting Professor of Creative Writing,,,"B.A., Wellesley College; M.F.A., Hunter College"
176,Soo Hong,Associate Professor of Education,,,"B.A., M.T., University of Virginia; Ed.D., Harvard University"
177,Simona R. Horsikyan,"Instructor in Physical Education, Recreation and Athletics",,,"B.A., University of Central Arkansas; M.S., Regis College"
178,Janie E. Howland,Lecturer in Theatre Studies,,,"B.A., University of Pennsylvania; M.F.A., Brandeis University"
179,Yue HuA,Associate Professor of Physics,,,"B.S., Beijing University; M.S., Ph.D., Cornell University"
180,Adrian Huang,Instructor in Chemistry Laboratory,,,"B.A., Xiantang University; Ph.D., University of California (Los Angeles)"
181,Jeff Hughes,Lecturer in Biological Sciences,,,"B.A., Boston University; M.S., University of Washington; Ph.D., University of Rhode Island"
182,Nora Hussey,"Director, Wellesley College Theatre","Director, Theatre Studies Program",,"B.A., Mundelein College"
183,Seth Hussey,"Instructor in Physical Education, Recreation and Athletics",,,"B.S., St. Lawrence University; M.S., Purdue University"
184,Antonio M.A. Igrejas,Mellon Foundation Lecturer in Portuguese,,,"B.A., University of Massachusetts (Dartmouth); M.A., Ph.D., University of Massachusetts (Amherst)"
185,Jonathan B. ImberA1,Jean Glasscock Professor of Sociology,,,"B.A., Brandeis University; M.A., Ph.D., University of Pennsylvania"
186,Kellie Carter Jackson,Assistant Professor of Africana Studies,,,"B.A., Howard University; M.A., Colombia University; Ph.D., Colombia University"
187,Seok Bae Jang,Lecturer in East Asian Languages & Cultures,,,"B.A., M.A., Ph.D., Yonsei University"
188,Michael Jeffries,Associate Professor of American Studies,,,"A.B., Swarthmore College; Ph.D., Harvard University"
189,Philip Jennings,PERA Assistant Professor of the Practice,,,"B.A., Hamilton College; M.Ed., The College of New Jersey"
190,Laura Jeppesen,Senior Music Performance Faculty in Viola da Gamba,,,"B.A., Wheaton College; M.M., Yale University"
191,Jenny Olivia Johnson,Associate Professor of Music,,,"B.A., Barnard College; M.M., Manhattan School of Music; Ph.D., New York University"
192,Erin Johnson,Visiting Lecturer in Economics,,,"A.B., Princeton University; Ph.D., University of California (Berkeley)"
193,Paula A. Johnson,President,Professor of Women's Health Studies,,"B.A., Harvard Radcliffe Colleges; M.P.H., Harvard School of Public Health; M.D., Harvard Medical School"
194,Jeannine Johnson,Senior Lecturer in the Writing Program,,,"B.A., Haverford College; Ph.D., Yale University"
195,Kristina Niovi Jones,"Director, Wellesley College Botanic Gardens",Adjunct Assistant Professor of Biological Sciences,,"B.S., Stanford University; Ph.D., University of California"
196,William A. Joseph,Professor of Political Science,,,"B.A., Cornell University; M.A., Ph.D., Stanford University"
197,Claudia  Joskowicz,Assistant Professor of Art,,,"B.A., University of Houston; M.F.A., New York University"
198,Bojan Jovanovic,"Instructor in Physical Education, Recreation and Athletics",,,
199,Joseph P. Joyce,M. Margaret Ball Professor of International Relations,Professor of Economics,,"B.S.F.S., Georgetown University; M.A., Ph.D., Boston University"
200,Marion R. Just,Professor of Political Science,,,"B.A., Barnard College; M.A., Johns Hopkins University; Ph.D., Columbia University"
201,Stella Kakavouli,Senior Instructor in Computer Science Laboratory,,,"B.S., National Technical University (Athens, Greece); M.S., Brown University"
202,Lidwien Kapteijns,Elizabeth Kimball Kendall and Elisabeth Hodder Professor of History,,,"B.A., Universiteit van Amsterdam; M.A., University of London; Doctoraal, Ph.D., Universiteit van Amsterdam"
203,Anastasia Karakasidou,Professor of Anthropology,,,"B.A., College of Wooster; M.A., Brandeis University; M.A., Bryn Mawr College; M.Phil., Ph.D., Columbia University"
204,Margaret Keane,Professor of Psychology,,,"A.B., Harvard College; Ph.D., Massachusetts Institute of Technology"
205,Sari Kerr,"Senior Research Scientist, Wellesley Centers for Women",Visiting Lecturer in Economics,,"Diploma in Economics, University of Kent at Canterbury; M.A., University of Jyvaskyla, Finland; Ph.D., University of Jyvaskyla, Finland"
206,Megan Kerr,Professor of Mathematics,,,"B.A., Wellesley College; Ph.D., University of Pennsylvania"
207,Pinar Keskin,Assistant Professor of Economics,,,"B.A., Bilkent University; M.A., M. Phil., Ph.D., Yale University"
208,Rebecca  Kimball,PERA Assistant Professor of the Practice,,,"B.S., University of Southern Maine; M.S., Springfield College"
209,Julia  King,PERA Assistant Professor of the Practice,,,"B.A., Bowdoin College; M.A., Trinity College"
210,Steve Kirby,Music Performance Faculty in Jazz Guitar,,,"B.A., Berklee College of Music; M.M. University of Massachusetts (Amherst)"
211,Vanja Klepac-Ceraj,Assistant Professor of Biological Sciences,,,"B.S., Beloit College; Ph.D., Massachusetts Institute of Technology"
212,Ariana Klinkov,"Instructor in Physical Education, Recreation and Athletics",,,"B.A., SUNY Binghamton; M.A., Northeastern University"
213,Nicholas Knouf,Assistant Professor of Cinema and Media Studies,,,"B.S., California Institute of Technology; S.M., Massachusetts Institute of Technology; Ph.D., Cornell University"
214,Yu Jin Ko,Professor of English,,,"B.A., Columbia University; M.A., Cambridge University (Clare College); Ph.D., Yale University"
215,T. James Kodera,Professor of Religion,,,"B.A., Carleton College; M.A., M.Phil., Ph.D., Columbia University"
216,Joel KriegerA,Norma Wilentz Hess Professor of Political Science,,,"B.A., Yale College; Ph.D., Harvard University"
217,Jennifer A. Kroll,PERA Associate Professor of the Practice,,,"B.S., Northwestern University; M.S., University of Kentucky"
218,Kyra Kulik-Johnson,Lecturer in Psychology,,,"B.A., Boston College; Ed.M., Harvard University Graduate School of Education; Ph.D., Boston College"
219,Brian K. Kuscher,PERA Associate Professor of the Practice,,,"B.A., Franklin Pierce University; M.A., Concordia University"
220,Martina Königer,Adjunct Assistant Professor of Biological Sciences,,,"Diploma, Ph.D., University of Würzburg (Germany)"
221,Megan LaBella,"Instructor in Physical Education, Recreation and Athletics",,,"B.A., Boston University"
222,Yuan-Chu Ruby Lam,Professor of Chinese,,,"B.A., National Taiwan University; M.A., Ph.D., Harvard University"
223,Karen Lange,Associate Professor of Mathematics,,,"B.A., Swarthmore College; M.S., Ph.D., University of Chicago"
224,Gabriel Langfur,Music Performance Faculty in Trombone,,,"B.A., Oberlin College; B.M., Oberlin Conservatory; M.M., New England Conservatory"
225,Steve Langone,Music Performance Faculty in Jazz-Rock-Latin Drums,,,"B.A., Berklee College of Music"
226,Joseph Lauer,Visiting Lecturer in Mathematics,,,"B.Math., University of Waterloo; M.Sc., McGill University; Ph.D., Yale University"
227,Flavia Laviosa,Senior Lecturer in Italian Studies,,,"B.A., University of Bari (Italy); M.S., University of Edinburgh; M.A., Ph.D., State University of New York (Buffalo)"
228,Amanda Leahy,"Instructor in Physical Education, Recreation and Athletics",,,"B.A., Bowdoin College"
229,Yoon Sun LeeA,Professor of English,,,"A.B., Harvard College; Ph.D., Yale University"
230,Sohie Lee,Senior Instructor in Computer Science Laboratory,,,"B.S., Cornell University; M.S., Stanford University; Ph.D., University of California (San Diego)"
231,Sun-Hee Lee,Associate Professor of Korean,,,"B.A., M.A., Ph.D., Yonsei University; Ph.D., Ohio State University"
232,Ada Lerner,Assistant Professor of Computer Science,,,"B.A., Amherst University; M.S., Ph.D., University of Washington"
233,Phillip Levine,Katharine Coman and A. Barton Hepburn Professor of Economics,,,"B.S., M.S., Cornell University; Ph.D., Princeton University"
234,Peggy Levitt,Luella LaMer Slaner Professor in Latin American Studies,Professor of Sociology,,"B.A., Brandeis University; M.S., Columbia University; Ph.D., Massachusetts Institute of Technology"
235,Jack S. Lewis,"Instructor in Physical Education, Recreation and Athletics",,,"B.S., Springfield College"
236,Kaitlin Lewis,"Instructor in Physical Education, Recreation and Athletics",,,"B.A., Trinity College"
237,Sara Lewis,Elisabeth Luce Moore Postdoctoral Fellow,,,"B.A., St. Lawrence University; M.A., University of Chicago; Ph.D., Columbia University"
238,David Lindauer,Stanford Calderwood Professor of Economics,,,"B.S., City College of City University of New York; A.M., Ph.D., Harvard University"
239,Heping Liu,Associate Professor of Art,,,"B.A., Guangzhou Institute of Foreign Languages (China); M.A., Southern Methodist University; M.A., M.Phil., Ph.D., Yale University"
240,Liang Kok Liung,"Instructor in Physical Education, Recreation and Athletics",,,
241,Igor O. Logvinenko,Assistant Professor of Political Science,,,"B.A., University of Redlands; M.A., Villanova University; M.A., Ph.D., Cornell University"
242,Melinda LopezA,Lecturer in Theatre Studies,,,"B.A., Dartmouth College; M.A., Boston University"
243,Margery Lucas,Professor of Psychology and Cognitive and Linguistic Sciences,,,"B.S., Pennsylvania State University; M.S., Ph.D., University of Rochester"
244,Amanda Lyall,Visiting Lecturer in Psychology,,,"B.A., Wake Forest University; Ph.D., University of North Carolina-Chapel Hill"
245,Barry Lydgate,Professor of French,,,"B.A., M.Phil., Ph.D., Yale University"
246,Kathryn L. LynchA2,Katharine Lee Bates and Sophie Chantal Hart Professor of English,,,"B.A., Stanford University; M.A., Ph.D., University of Virginia"
247,Barbara Lynn-Davis,Lecturer in Art,,,"B.A., Brown University; M.A., Williams College; Ph.D., Princeton University"
248,Paul MacDonald,Associate Professor of Political Science,,,"B.A., University of California (Berkeley); M.A., Ph.D., Columbia University"
249,Yoshimi Maeno,Senior Lecturer in Japanese,,,"B.A., Baika Women’s College (Japan); M.A., West Virginia University; Ed.M., Ed.D., Harvard University"
250,Martin A. Magid,Professor of Mathematics,,,"B.A., Brown University; M.S., Yale University; Ph.D., Brown University"
251,Patricia Magill,"Instructor in Physical Education, Recreation and Athletics",,,"B.S., Marquette University"
252,Sherry D. Makerney,PERA Associate Professor of the Practice,,,"B.S., University of Northern Colorado"
253,Frances Malino,Sophia Moses Robison Professor of Jewish Studies and History,,,"B.A., Skidmore College; M.A., Ph.D., Brandeis University"
254,Layli  Maparyan,Professor of Africana Studies,"Katherine Stone Kaufmann ‘67 Executive Director,  Wellesley Centers for Women",,"B.A., Spelman College; M.S., Penn State University; Ph.D., Temple University"
255,Stephen Anthony Marini,Elisabeth Luce Moore Professor of Christian Studies,Professor of Religion,,"B.A., Dickinson College; Ph.D., Harvard University"
256,Louise Marlow,Professor of Religion,,,"B.A., Cambridge University; M.A., Ph.D., Princeton University"
257,Nancy Marshall,Adjunct Associate Professor of Women’s and Gender Studies,,,"B.A., Oberlin College; M.A., University of Connecticut (Storrs); Ed.D., Harvard University"
258,Lance Alexander Martin,Music Performance Faculty in Jazz Flute,,,
259,Catherine Masson,Professor of French,,,"Licence, Maîtrise, Université de Haute Bretagne (Rennes); Ph.D., University of Michigan (Ann Arbor)"
260,Susie Masters,"Instructor in Physical Education, Recreation and Athletics",,,
261,Irene Mata,Barbara Morris Caspersen Associate Professor of Humanities,Associate Professor of Women’s and Gender Studies,,"B.A., M.A., New Mexico State University; Ph.D., University of California (San Diego)"
262,Katherine Matasy,Senior Music Performance Faculty in Clarinet and Classical Saxophone,,,"B.A., M.M.A., New England Conservatory of Music"
263,Y. Tak MatsusakaA,Professor of History,,,"B.A., Brandeis University; M.A., Ph.D., Harvard University"
264,Julie Ann MatthaeiA1,Professor of Economics,,,"B.A., University of Michigan (Ann Arbor); M.A., M.Phil., Ph.D., Yale University"
265,Erich MatthesA1,Assistant Professor of Philosophy,,,"B.A., Yale University; Ph.D., University of California (Berkeley)"
266,Jaclyn Hatala Matthes,Assistant Professor of Biological Sciences,,,"A.B., Harvard University; Ph.D., University of California (Berkeley)"
267,Adam G. Matthews,Lecturer in Biological Sciences,,,"A.B., Ph.D., Harvard University"
268,Andrea Matthews,Senior Music Performance Faculty in Voice,,,"A.B., Princeton University"
269,Heather Rose Mattila,Associate Professor of Biological Sciences,,,"B.Sc., Ph.D., University of Guelph (Ontario, Canada)"
270,Deborah C. Matzner,Assistant Professor of Anthropology,,,"B.A., Columbia University; M.A., Ph.D., New York University"
271,Tracy McAskill,Visiting Lecturer in Physics,,,"B.S., Texas Tech University; M.S., Ph.D., Tufts University"
272,Amanda M. McCarthy,Senior Instructor in Chemistry Laboratory,,,"B.S., M.S., Syracuse University"
273,Janet McDonough,Senior Instructor in Biological Sciences Laboratory,,,"B.S., Simmons College; M.S., Harvard University"
274,Patrick J. McEwan,Professor of Economics,,,"B.A., University of Illinois (Urbana-Champaign); M.A., Ph.D., Stanford University"
275,Phyllis McGibbon,Elizabeth Christy Kopf Professor of Art,,,"B.F.A., M.F.A., University of Wisconsin (Madison)"
276,Tracy L. McGinnis,Senior Music Performance Faculty in Bassoon,,,"B.M.A.S., University of Delaware; M.M., New England Conservatory of Music"
277,Mary Kate McGowan,Margaret Clapp ‘30 Distinguished Alumna Professor of Philosophy,,,"B.A., Wellesley College; M.A., Ph.D., Princeton University"
278,Alison G. McIntyre,Virginia Onderdonk ‘29 Professor of Philosophy,,,"B.A., M.A., Tufts University; Ph.D., Princeton University"
279,Robin McKnight,Associate Professor of Economics,,,"B.A., Amherst College; Ph.D., Massachusetts Institute of Technology"
280,Kim Katris McLeod,Professor of Astronomy,,,"B.A., Cornell University; Ph.D., University of Arizona;"
281,Craig McNutt,Senior Music Performance  Faculty in Percussion,,,"B.M., Hartt School of Music; M.M., Yale University; D.M.A., New England Conservatory of Music"
282,P. Takis Metaxas,Professor of Computer Science,,,"B.Sc., University of Athens (Greece); Ph.D., Dartmouth College"
283,Susan L. Meyer,Professor of English,,,"B.A., Johns Hopkins University; M.A., University of California (Los Angeles); M.A., M.Phil., Ph.D., Yale University"
284,Cercie Miller,Senior Music Performance Faculty in Jazz Saxophone,,,"Director, Wellesley BlueJazz"
285,Elizabeth Minor,Mellon Postdoctoral Fellow in Anthropology,,,"B.A., Wellesley College; M.S., University of California, Berkeley; Ph.D., University of California, Berkeley"
286,Julia Hendrix Miwa,Associate Professor of Chemistry,,,"B.A., Haverford College; Ph.D., Massachusetts Institute of Technology"
287,Katrin Monecke,Assistant Professor of Geosciences,,,"B.S., M.S., University of Hannover (Germany); Ph.D., Institute of Technology (Zurich, Switzerland)"
288,Katharine H.S. Moon,Edith Stix Wasserman Professor of Asian Studies,Professor of Political Science,,"A.B., Smith College; M.A., Ph.D., Princeton University"
289,Codruta Morari,Associate Professor of French,,,"B.A., Babes-Bolyai University (Romania), B.A., M.A., Ph.D., University of Paris III"
290,Maureen F. Morgan,"Director, Child Study Center",Lecturer in Psychology,,"B.S., Lesley College; M.Ed., Harvard University"
291,Carolyn A. Morley,Professor of Theatre Studies and Japanese,,,"B.A., Oberlin College; M.A., University of British Columbia; Ph.D., Columbia University"
292,Andrew Mowbray,Lecturer in Art,,,"B.F.A., Maryland Institute College of Art; M.F.A., Cranbrook Academy of Art"
293,James Moyer,Instructor in Chemistry Laboratory,,,"B.S., Marquette University; M.S., Ph.D., Yale University"
294,Nancy Elliott Mukundan,Instructor in Chemistry Laboratory,,,"B.A., Wellesley College; Ph.D., Emory University"
295,Craig N. Murphy,Betty Freyhof Johnson ‘44 Professor of Political Science,,,"B.A., Grinnell College; M.A., Ph.D., University of North Carolina (Chapel Hill)"
296,Jacqueline Marie MusacchioA2,Professor of Art,,,"B.A., Wellesley College; M.A., Ph.D., Princeton University"
297,Eni Mustafaraj,Assistant Professor of Computer Science,,,"M.Eng., Polytechnic University of Tirana (Albania); Ph.D., Philipps-Universität Marburg (Germany)"
298,Jennifer Musto,Assistant Professor of Women's and Gender Studies,,,"B.A., DePaul University; M.A., Ph.D., University of California (Los Angeles)"
299,Paul  Nadal,Mellon Postdoctoral Fellow in American Studies,,,"B.A., University of Washington; M.A., University of California (Los Angeles); M.A, Ph.D., University of California, Berkeley"
300,Seth NeumullerA2,Assistant Professor of Economics,,,"B.S., Rice University; M.A., Ph.D., University of California (Los Angeles)"
301,Richard Newman,Visiting Lecturer in Art,,,"B.A., Western Washington University; M.A., Boston University"
302,Kanako Nishikawa,Coach/Accompanist,,,"B.M., Toho School of Music (Tokyo); M.M., New England Conservatory"
303,James William Noggle,Marion Butler McLean Professor in the History of Ideas,Professor of English,,"B.A., Columbia University; Ph.D., University of California (Berkeley)"
304,Thomas Nolden,Professor of German,,,"Staatsexamen, Universität Tübingen; M.A., Ph.D., Yale University"
305,Julie K. NoremA,Margaret Hamm Professor of Psychology,,,"A.B., University of Chicago; Ph.D., University of Michigan"
306,Megan Nunez,Professor of Chemistry,,,"B.A., Smith College; Ph.D., California Institute of Technology"
307,Eileen M. O'Connor,Lecturer in Spanish,,,"B.A., Harvard University; M.A., New York University"
308,Elizabeth Oakes,Senior Instructor in Chemistry Laboratory,,,"B.A., Bryn Mawr College; Ph.D., University of Wisconsin (Madison)"
309,Pashington Obeng,Professor of Africana Studies,,,"B.A., University of Ghana; Th.M., Princeton Theological Seminary; Ph.D., Boston University"
310,Leah M.  Okumura,Instructor in Biological Sciences Laboratory,,,"A.B., University of Chicago; Ph.D., Massachusetts Institute of Technology"
311,James Oles,Senior Lecturer in Art,,,"B.A., Yale University; J.D., University of Virginia; M. Phil., Ph.D., Yale University"
312,Liza Oliver,Assistant Professor of Art,,,"B.A., University of North Florida; M.A., University of South Florida; M.A., Ph.D., Northwestern University"
313,David Olsen,Associate Professor of Art,,,"B.F.A., University of Washington (Seattle); M.A., M.F.A., University of Wisconsin (Madison)"
314,Alejandra Osorio,Associate Professor of History,,,"B.A., M.A., New York University; Ph.D., State University of New York at Stony Brook"
315,Geofred Osoro,Lecturer in Africana Studies,,,"B.A., Moi University; M.A., University of Nairobi"
316,Liz Owen,"Instructor in Physical Education, Recreation and Athletics",,,"B.A., University of Minnesota"
317,Kimberly H. O’Donnell,Senior Lecturer in Biological Sciences,,,"A.B., Brown University; Ph.D., Brandeis University"
318,Keri O’Meara,PERA Associate Professor of the Practice,,,"B.A., Montclair State University; Ed.M., Bloomsburg University"
319,Kyung Park,Assistant Professor of Economics,,,"B.A., M.A., Ph.D., University of Chicago"
320,Sergio Parussa,Professor of Italian Studies,,,"Laurea in Lettere, Università degli studi di Torino (Italy); M.A., Ph. D., Brown University"
321,Lata Parwani,Visiting Lecturer in South Asia Studies,,,"B.A., University of Karachi; M.A., Tufts University"
322,Cassandra Pattanayak,"Jack and Sandra Polk Guthman '65 Director, Quantitative Analysis Institute",Lecturer in Quantitative Reasoning and Mathematics,,"A.B., A.M., Ph.D., Harvard University"
323,Timothy Walter Hopkins PeltasonA2,Class of 1949 Professor in Ethics,Professor of English,,"A.B., Harvard College; M.A., Ph.D., Yale University"
324,T. Kaye Peterman,Susan M. Hallowell and Ruby Frances Howe Farwell Professor of Biological Sciences,,,"B.S., Texas A & M University; Ph.D., Duke University"
325,Meghan Peterson,"Instructor in Physical Education, Recreation and Athletics",,,"B.A., Wellesley College; M.S., University of Massachusetts (Amherst)"
326,James Michael Petterson,Professor of French,,,"B.A., Reed College; M.A., Columbia University; Ph.D., University of California (Berkeley)"
327,Jessica Polito,Lecturer in the Quantitative Reasoning Program,,,"B.A., Harvard University; Ph.D., University of California (Berkeley)"
328,Kristen Poston,Visiting Lecturer in Psychology,,,"B.A., Wellesley College; M.A., Tufts University; Ph.D., Tufts University"
329,Anjali Prabhu,Professor of French,,,"B.A., Jawaharlal Nehru University (India); M.A., Purdue University; Ph.D., Duke University"
330,Melissa Price,PERA Assistant Professor of the Practice,,,"B.S., University of Maryland; M.S., Ph.D., University of Virginia"
331,Taryn Provencher,"Instructor in Physical Education, Recreation and Athletics",,,"B.A., Syracuse University"
332,Jennie E. Pyers,Associate Professor of Psychology,,,"B.A., Smith College; Ph.D., University of California (Berkeley)"
333,Ginny Quinan,Instructor in Neuroscience Laboratory,,,"B.A., Regis College; M.A., Harvard University Extension School"
334,Ryan Alexander Quintana,Associate Professor of History,,,"B.A., University of Tennessee (Knoxville); M.A., Ph.D., University of Wisconsin (Madison)"
335,Mala Radhakrishnan,Whitehead Associate Professor of Critical Thought,Associate Professor of Chemistry,,"A.B., Harvard University; Ph.D., Massachusetts Institute of Technology"
336,Smitha Radhakrishnan,Luella LaMer Associate Professor of Women's Studies,Associate Professor of Sociology,,"A.B., M.A., Ph.D., University of California (Berkeley)"
337,Marta Rainer,Lecturer in Theatre Studies,,,"B.A., Wellesley College; M.A., Antioch University"
338,Carlos Ramos,Professor of Spanish,,,"Licenciatura, Universidad Central de Barcelona; M.A., Emerson College; Ph.D., Boston University"
339,Valerie Ramseyer,Associate Professor of History,,,"A.B., Smith College; M.A., Ph.D., University of Chicago"
340,Nikhil RaoA,Associate Professor of History,,,"B.A., Stanford University; M.A., Ph.D., University of Chicago"
341,Paul I. Reisberg,Adjunct Assistant Professor of Chemistry,,,"B.S., Rensselaer Polytechnic Institute; Ph.D., Rice University"
342,Joy Renjilian-Burgy,Associate Professor of Spanish,,,"B.A., Mount Holyoke College; A.M., Harvard University"
343,Daniela Rivera,Associate Professor of Art,,,"M.F.A., Museum of Fine Arts (Boston)"
344,Petra R. Rivera-Rideau,Assistant Professor of American Studies,,,"B.A., Harvard University; M.A., Ph.D., University of California, Berkeley"
345,Lois P. Roach,Senior Lecturer in Theatre Studies,,,"B.S., Emerson College; M.A., Lesley College"
346,Tanya Roberts,"Instructor in Physical Education, Recreation and Athletics",,,"B.S., University of Nevada (Las Vegas); M.Ed., Holy Names University"
347,Julie A. Roden,Instructor in Biological Sciences Laboratory,,,"A.B., Harvard University; Ph.D., Stanford University"
348,Lisa Rodensky,Professor of English,,,"B.A., Wellesley College; J.D., Harvard Law School; Ph.D., Boston University"
349,Mark Römisch,Visiting Lecturer in German,,,"B.A., Staatlich gen. Schauspielstudio Gmelin; M.A., Ludwig-Maximilians-University LMU"
350,Guy M. Rogers,"William R. Kenan, Jr. Professor of History and Classical Studies",,,"B.A., University of Pennsylvania; B.A., University of London; M.A., Ph.D., Princeton University"
351,Lawrence A. Rosenwald,Anne Pierce Rogers Professor of American Literature,Professor of English,,"B.A., M.A., Ph.D., Columbia University"
352,Casey G. Rothschild,Norma Wilentz Hess Associate Professor of Economics,,,"A.B., Princeton University; Ph.D., Massachusetts Institute of Technology"
353,Noah Rubin,Lecturer in Education,,,"B.A., Sarah Lawrence College; M.S., Bank Street College of Education; Ph.D., Harvard Graduate School of Education"
354,Sayres  Rudy,Visiting Lecturer in Political Science,,,"B.A., Davidson College; M.A., Johns Hopkins University; Ph.D., Columbia University"
355,David Russell,Lecturer in Music,"Co-Director, Wellesley Chamber Music Society",Music Performance Faculty in Cello,"B.M., Eastman School; M.M., University of Akron; D.M.A., SUNY (Stony Brook)"
356,Markella B. Rutherford,Associate Professor of Sociology,,,"B.A., Mississippi College; M.A., University of Memphis; Ph.D., University of Virginia"
357,Daniel Ryan,Music Performance Faculty in Keyboard Skills,,,"B.A., Boston University"
358,Niki Rybko,PERA Assistant Professor of the Practice,,,"B.S., University  of Florida, Gainesville; M.S., University of Massachusetts, Amherst"
359,Margery M. Sabin,Lorraine C. Wang Professor of English,,,"B.A., Radcliffe College; M.A., Ph.D., Harvard University"
360,Nancy Scherer,Associate Professor of Political Science,,,"B.A., Lafayette College; J.D., Emory University; Ph.D., University of Chicago"
361,Jennifer L. Schmidt,Visiting Lecturer in Geosciences,,,"B.S., University of Arizona; M.S., University of California, Santa Barbara"
362,Lauren E. Schoenberger,PERA Assistant Professor of the Practice,,,"B.A., American University; M.S., Ithaca College"
363,Andrew Schultz,Associate Professor of Mathematics,,,"B.S., Davidson College; M.S., Ph.D., Stanford University"
364,Inela Selimović,Assistant Professor of Spanish,,,"B.A., University of the South; M.A., Ph.D, University of Kentucky"
365,Andrea S. Sequeira,Professor of Biological Sciences,,,"M.S., Ph.D., University of Buenos Aires (Argentina)"
366,Orit Shaer,Class of 1966 Associate Professor of Computer Science,,,"B.A., Academic College of Tel-Aviv; M.S., Ph.D., Tufts University"
367,Lois Shapiro,Senior Music Performance Faculty in Piano,,,"B.Mus., Peabody Institute of Music; M.Mus., Yale University School of Music; D.Mus., Indiana University School of Music (Bloomington)"
368,Kartini ShastryA2,Associate Professor of Economics,,,"A.B., Brown University; A.M., Ph.D., Harvard University"
369,Andrew Shennan,Professor of History,Provost and Lia Gelin Poorvu ’56 Dean of the College,,"B.A., M.A., Ph.D., Cambridge University (Corpus Christi College)"
370,Vernon L. Shetley,Professor of English,,,"A.B., Princeton University; M.A., M.Phil., Ph.D., Columbia University"
371,Neelima Shukla-BhattA,Associate Professor of South Asia Studies,,,"B.A., M.A., Maharaja Sayajirao University of Baroda (India); M.Div., Ph.D., Harvard University"
372,Randy Shull,Professor of Computer Science,,,"B.A., Humboldt State University; M.S., University of New Hampshire; M.A., Ph.D., Dartmouth College"
373,Frederic W. ShultzA1,Professor of Mathematics,,,"B.S., California Institute of Technology; Ph.D., University of Wisconsin (Madison)"
374,Olga Shurchkov,Associate Professor of Economics,,,"B.A., Wellesley College; Ph.D., Massachusetts Institute of Technology"
375,Daniel Sichel,Professor of Economics,,,"B.A., M.P.P., University of Michigan; Ph.D., Princeton University"
376,Marilyn Sides,Senior Lecturer in English,,,"B.A., M.A., University of Utah; Ph.D., Johns Hopkins University"
377,Linda M. Sieck,"Instructor in Physical Education, Recreation and Athletics",,,"B.A., William Paterson College"
378,Edward Silver,Assistant Professor of Religion,,,"B.A., University of Minnesota (Twin Cities); A.M., Ph.D., University of Chicago"
379,Susan E. Skeath,Professor of Economics,,,"B.A., Haverford College; M.A., Ph.D., Princeton University"
380,Christa D. Skow,Senior Instructor in Biological Sciences Laboratory,,,"B.S., Ph.D., University of Massachusetts (Amherst)"
381,Stephen Slivan,Instructor in Astronomy Laboratory,,,"S.B., S.M., Ph.D., Massachusetts Institute of Technology"
382,Quinn SlobodianA,Associate Professor of History,,,"B.A., Lewis & Clark College; Ph.D., New York University"
383,Alexandria Smith,Assistant Professor of Art,,,"B.F.A., Syracuse University; M.A., New York University; M.F.A., Parsons The New School for Design"
384,Mingwei Song,Associate Professor of Chinese,,,"B.A., Shandong University; M.A., Fudan University; M.Phil., Ph.D., Columbia University"
385,Tessa Spillane,PERA Associate Professor of the Practice,,,"B.A., Mount Holyoke College; M.S., Smith College"
386,Rachel StanleyA2,Assistant Professor of Chemistry,,,"B.S., Ph.D,  Massachusetts Institute of Technology"
387,Glenn Stark,Professor of Physics,,,"B.S., Massachusetts Institute of Technology; M.A., Ph.D., University of California (Berkeley)"
388,Jane E. Starkman,Music Performance Faculty in Baroque Violin,,,"B.M., M.M., New England Conservatory of Music"
389,Raymond James Starr,Theodora Stone Sutton Professor of Classics,Professor of Classical Studies,,"B.A., University of Michigan (Ann Arbor); M.A., Ph.D., Princeton University"
390,Filomina Chioma SteadyA1,Professor of Africana Studies,,,"B.A., Smith College; M.A., Boston University; B.Litt., D.Phil., Oxford University"
391,Suzanne E. Stumpf,"Senior Music Performance Faculty in Flute, Baroque Flute, and Chamber Music",,,"B.A., Wellesley College"
392,Yui Suzuki,Associate Professor of Biological Sciences,,,"A.B., Bowdoin College; Ph.D., Duke University"
393,Joseph Swingle,Senior Lecturer in Sociology,,,"B.A., Carleton College; M.A., Ph.D., Harvard University"
394,Jill Ann Syverson-Stork,Senior Lecturer in Spanish,,,"B.A., Smith College; M.A., Ph.D., Harvard University"
395,Olga Talroze,Senior Coach/Accompanist,,,"B.M., M.M, San Francisco Conservatory of Music"
396,Jenny Chui-Chun Tang,Lecturer in Music,"Co-Director, Wellesley Chamber Music Society",Senior Music Performance Faculty in Piano and Keyboard Skills,"B.M., M.M., New England Conservatory of Music"
397,Qiuyan Tang,Lecturer in Chinese,,,"B.A., Nanjing Normal University; M.A., Fudan University"
398,Jonathan Tannenhauser,Lecturer in Mathematics,,,"A.B., Harvard University; M.A., Ph.D., University of California (Berkeley)"
399,Corrine Taylor,Senior Lecturer in the Quantitative Reasoning Program,"Director, Quantitative Reasoning Program",,"B.A., College of William and Mary; M.S., Ph.D., University of Wisconsin (Madison)"
400,Marc J. Tetel,Professor of Neuroscience,,,"B.A., Northwestern University; Ph.D., University of Massachusetts (Amherst)"
401,Shiao-Wei ThamA,Associate Professor of Chinese,,,"B.A., National University of Singapore; M.A., Ph.D., Stanford University"
402,Sally A. Theran,Associate Professor of Psychology,,,"B.A., Bates College; M.A., Ph.D., Michigan State University"
403,Marcia E. Thomas,Senior Instructor in Biological Sciences Laboratory,,,"B.S., University of Massachusetts; M.A., Smith College"
404,Rebecca Thornblade,Music Performance Faculty in Cello,,,"B.M., Oberlin Conservatory; M.M., Juilliard School"
405,Brian Tjaden,Professor of Computer Science,,,"B.A., Amherst College; M.S., Ph.D., University of Washington"
406,Eiko Torii-Williams,Senior Lecturer in Japanese,,,"B.A., Kansai University (Osaka); Ed.M., Ph.D., Boston University"
407,David Towlun,Theatre Production Manager,,,"M.F.A., Purchase College (State University of New York)"
408,Donna R. Trainor,Senior Instructor in Chemistry Laboratory,,,"B.A., University of Rochester; Ph.D., University of Akron"
409,Marie-Paule Tranvouez,Senior Lecturer in French,,,"D.U.T., Institut Universitaire de Technologie, (Brest); M.A., State University of New York (Stony Brook); Ph.D., University of California (Santa Barbara)"
410,Ann TrenkA2,Professor of Mathematics,,,"A.B., Harvard University; M.S., Ph.D., Johns Hopkins University"
411,Nina Tumarkin,Kathryn Wasserman Davis Professor of Slavic Studies,Professor of History,,"B.A., University of Rochester; M.A., Ph.D., Harvard University"
412,Franklyn A. Turbak,Associate Professor of Computer Science,,,"S.B., M.S., Ph.D., Massachusetts Institute of Technology"
413,Shelby Turcotte,"Instructor in Physical Education, Recreation and Athletics",,,"B.S., University of Southern Maine"
414,James TurnerA,Associate Professor of Environmental Studies,,,"B.S., Washington and Lee University; A.M., Brown University; Ph.D., Princeton University"
415,Diane Tutin,Lecturer in Education,,,"B.A., Clark University; M.Ed., Framingham State College"
416,"L. Terrell Tyler, Jr.",Associate Professor of English,,,"B.A., Southwestern University (Memphis); M.A., M.Phil., Ph.D., Yale University"
417,Catherine Ulissey,"Instructor in Physical Education, Recreation and Athletics",,,"B.A., Emerson College"
418,Jeffrey Ulrich,Visiting Lecturer in Classical Studies,,,"B.A., Rutgers University; M.A., Ph.D., University of Pennsylvania"
419,Adam Van Arsdale,Associate Professor of Anthropology,,,"B.A., B.S., Emory University; M.A., Ph.D., University of Michigan"
420,Carlos Alberto VegaA2,Professor of Spanish,,,"A.B., Columbia University; A.M., University of Virginia; Ph.D., Harvard University"
421,Ann Velenchik,Associate Professor of Economics,Dean of Academic Affairs,,"B.S.F.S., Georgetown University; Ph.D., Stanford University"
422,Monica Capobianco,PERA Assistant Professor of the Practice,,,"B.S., Wagner College; M.S., Boston College"
423,Carla M. Verschoor,Adjunct Assistant Professor of Chemistry,,,"B.S., University of Illinois (Urbana); Ph.D., University of Wisconsin (Madison)"
424,Maurizio S. Viano,Professor of Cinema and Media Studies,,,"Laurea in Lettere Moderne, University of Genova; Ph.D., University of Oregon"
425,Lynne Spigelmire Viti,Senior Lecturer in the Writing Program,,,"B.A., Barnard College; M.A., Columbia University; Ph.D., J.D., Boston College"
426,Ismar VolićA2,Professor of Mathematics,,,"B.A., Boston University; M.A., Ph.D., Brown University"
427,Sarah Wall-Randell,Associate Professor of English,,,"B.A., Wellesley College; M.Phil, St. John’s College (Oxford University); Ph.D., Harvard University"
428,Maria Waller,Instructor in Geosciences Laboratory,,,"B.A., Wellesley College; M.S., University of Massachusetts"
429,Julie Walsh,Assistant Professor of Philosophy,,,"B.A., University of Toronto; M.A., Ph.D., University of Western Ontario"
430,Helen P. Wang,Professor of Mathematics,,,"B.A., University of Wisconsin (Madison); M.A., Ph.D., Harvard University"
431,Qing (Wendy) Wang,Assistant Professor of Mathematics,,,"B.S., Beijing Normal University; M.S., Ph.D., Pennsylvania State University"
432,David WardA2,Professor of Italian Studies,,,"B.A., University of East Anglia (England); M.A., Ph.D., Cornell University"
433,Lauri L. Wardell,Senior Instructor in Physics Laboratory,,,"B.S., Fort Lewis College; M.S., University of Kentucky"
434,Kera M. Washington,Senior Music Performance Faculty in African Diaspora Drumming,"Director, Yanvalou",,"B.A., Wellesley College; M.A., Wesleyan University"
435,Sara Wasserman,Assistant Professor of Neuroscience,,,"B.A., Wellesley College; M.A., Pepperdine University; Ph.D., Brandeis University"
436,Wesley Andres Watters,Diana Chapman Walsh Assistant Professor of Astronomy,,,"B.S., M.S., Ph.D., Massachusetts Institute of Technology"
437,Catherine Wearing,Associate Professor of Philosophy,,,"B.A., McGill University; Ph.D., Harvard University"
438,Deborah Weaver,"Instructor in Physical Education, Recreation and Athletics",,,"Certificate, London School of Contemporary Dance"
439,Andrew C. WebbA,Professor of Biological Sciences,,,"B.S., Ph.D., University of Southampton (England)"
440,Dorothy Webb,PERA Professor of the Practice,,,"B.A., University of the Pacific; M.A., Brown University"
441,Akila Weerapana,Associate Professor of Economics,,,"B.A., Oberlin College; A.M., Ph.D., Stanford University"
442,Adam Weiner,Professor of Russian,,,"B.A., M.A., Ph.D., University of Wisconsin (Madison)"
443,Cord J. WhitakerA,Assistant Professor of English,,,"B.A., Yale University; M.A., Ph.D. Duke University"
444,Ellen B. WidmerA1,Mayling Soong Professor of Chinese Studies,Professor of East Asian Studies,,"B.A. Wellesley College; M.A., Fletcher School of Law and Diplomacy; M.A., Ph.D., Harvard University"
445,Michael Wiest,Associate Professor of Neuroscience,,,"B.A., Dartmouth College; M.S., Ph.D., Michigan State University"
446,Jeremy B. Wilmer,Associate Professor of Psychology,,,"B.A., Williams College; Ph.D., Harvard University"
447,Tom Wilson,"Instructor in Physical Education, Recreation and Athletics",,,"B.S.Ed., M.A., Central Missouri State University"
448,Paul M. Wink,Nellie Zuckerman Cohen & Anne Cohen Heller Professor in Health Sciences,Professor of Psychology,,"B.A., M.A., University of Melbourne; Ph.D., University of California (Berkeley)"
449,Adele Wolfson,Nan Walsh Schow‘54 and Howard B. Schow Professor in the Physical and Natural Sciences,Professor of Chemistry,,"B.A., Brandeis University; Ph.D., Columbia University"
450,Kara Wong,"Instructor in Physical Education, Recreation and Athletics",,,"B.A., Wellesley College"
451,Benjamin P.  WoodA,Anchor Point Assistant Professor in Computer Science,,,"B.A., Williams College; M.S., Ph.D., University of Washington"
452,Winifred Jane Wood,Senior Lecturer in the Writing Program,,,"B.A., University of Illinois (Urbana); M.A., University of Iowa; Ph.D., University of Massachusetts (Amherst)"
453,Hannah Woodruff,"Instructor in Physical Education, Recreation and Athletics",,,"B.A., Wellesley College"
454,Paula Zeitlin,Senior Music Performance Faculty in Jazz Violin and Viola,Director of Wellesley BlueJazz Combos,,"B.A., Earlham College; M.A., University of Chicago"
455,Weina Zhao,Senior Lecturer in Chinese,,,"B.A., Nanjing University; M.A., Clark University"
456,Eve Zimmerman,Associate Professor of Japanese,,,"B.A., University of Pennsylvania; Ph.D., Columbia University"
